<!--
  sysmon-config | A sysmon configuration to explain uses of Event 1
  
  Created by Wazuh, Inc. <support@wazuh.com>.
  This program is a free software; you can redistribute it and/or modify it under the terms of GPLv2.
  
  REQUIRED: Sysmon version 6.00 or higher (due to changes in registry syntax)
	https://technet.microsoft.com/en-us/sysinternals/bb545021.aspx

  NOTE: Do not let the imposing size and complexity of this configuration scare you off building your own or customizing it.
	This configuration is based around known high-quality event tracing, and thus looks extremely complicated.
	Sysmon configurations only have to be a few lines, but significant effort has been invested in front-loading as
	much filtering as possible onto the client. This is to make analysis of intrusions possible by hand, and try to
	surface anomalous activity as quickly as possible to any technician armed only with Event Viewer.

  NOTE:	Sysmon is not hardened against a determined attacker with admin rights. Also, this configuration offers an attacker, willing
	to study it closely, several ways to evade some of the alerting. If you are in a high-threat environment and have significant
	security staff, you should consider a much broader log-all approach. However, in the vast majority of cases, an attacker
	will bumble along through multiple behavioral traps which this configuration monitors, especially in the first minutes.

  NOTE:	"Image" is a technical term for a compiled binary file like an EXE or DLL. Also, it can match just the filename, or entire path.
		"ProcessGuid" is randomly generated, assigned, and tracked by Sysmon to assist in tracing individual process launches.
		"LoginGuid" is randomly generated, assigned, and tracked by Sysmon to assist in tracing individual user sessions.
	
	Based on:  https://github.com/SwiftOnSecurity/sysmon-config
-->

<Sysmon schemaversion="3.30">
	<HashAlgorithms>md5</HashAlgorithms>
	<EventFiltering>
	<!--SYSMON EVENT ID 1 : PROCESS CREATION-->
		<ProcessCreate onmatch="include">
				<Image condition="contains">powershell.exe</Image>
		</ProcessCreate>

	<!--SYSMON EVENT ID 2 : FILE CREATION TIME RETROACTIVELY CHANGED IN THE FILESYSTEM-->
		<FileCreateTime onmatch="include"></FileCreateTime>
		
	<!--SYSMON EVENT ID 3 : NETWORK CONNECTION INITIATED-->		
		<NetworkConnect onmatch="include"></NetworkConnect>
		
	<!--SYSMON EVENT ID 4 : RESERVED FOR SYSMON STATUS MESSAGES, THIS LINE IS INCLUDED FOR DOCUMENTATION PURPOSES ONLY-->

	<!--SYSMON EVENT ID 5 : PROCESS ENDED-->
		<ProcessTerminate onmatch="include"></ProcessTerminate>
		
	<!--SYSMON EVENT ID 6 : DRIVER LOADED INTO KERNEL-->
		<DriverLoad onmatch="include"></DriverLoad>		
		
	<!--SYSMON EVENT ID 7 : DLL (IMAGE) LOADED BY PROCESS-->		
		<ImageLoad onmatch="include"></ImageLoad>
		
	<!--SYSMON EVENT ID 8 : REMOTE THREAD CREATED-->		
		<CreateRemoteThread onmatch="include"></CreateRemoteThread>
		
	<!--SYSMON EVENT ID 9 : RAW DISK ACCESS-->
		<RawAccessRead onmatch="include"></RawAccessRead>		
	
	<!--SYSMON EVENT ID 10 : INTER-PROCESS ACCESS-->
		<ProcessAccess onmatch="include"></ProcessAccess>
		
	<!--SYSMON EVENT ID 11 : FILE CREATED-->
		<FileCreate onmatch="include"></FileCreate>
	
	<!--SYSMON EVENT ID 12 & 13 & 14 : REGISTRY MODIFICATION-->
		<RegistryEvent onmatch="include"></RegistryEvent>

	<!--SYSMON EVENT ID 15 : ALTERNATE DATA STREAM CREATED-->
		<FileCreateStreamHash onmatch="include"></FileCreateStreamHash>	
		
		<PipeEvent onmatch="include"></PipeEvent>

	</EventFiltering>
</Sysmon>
